track,artist,album
"Reeds and Seeds, a Plants Vs. Zombies Jazz Album",,
Tormenta De Fuego,,
The Last Song,12 Stones,Potter’s Field
Big Belly,A-F-R-O,
Bhrom,Absentia,Bhrom
Matir Roud,Aftermath,Jed
In the Shadow of Our Pale Companion,Agalloch,The Mantle
You Were But A Ghost In My Arms,Agalloch,The Mantle
Plateau of the Ages,Agalloch,The Serpent & the Sphere
Waiting For You,Akira Yamaoka,Silent Hill 4 OST
Yötön Yö,Alan Wake,Alan Wake 2 OST Official Soundtrack
A Distant Fire,Alda,A Distant Fire
Drawn Astray,Alda,A Distant Fire
First Light,Alda,A Distant Fire
Forlorn Peaks,Alda,A Distant Fire
Loo-Wit,Alda,A Distant Fire
Stonebreaker,Alda,A Distant Fire
Animis,Alda,Passage
Passage,Alda,Passage
The Clearcut,Alda,Passage
The Crooked Trail,Alda,Passage
Weathering,Alda,Passage
Adrift,Alda,Tahoma
In the Wake of an Iron Wind,Alda,Tahoma
Shadow of the Mountain,Alda,Tahoma
Tearing of the Weave,Alda,Tahoma
Wandering Spirit,Alda,Tahoma
Apology,Alesana,Try This With Your Eyes Closed
Stygia,Alissa White-Gluz,Metal: Hellsinger (Original Game Soundtrack)
Azagthoth,Alkaloid,Liquid Anatomy
Six,All That Remains,The Fall of Ideals
This Calling,All That Remains,The Fall of Ideals
A Martian Winter,Angel Vivaldi,
Vision IV: Illumination,Anomalie,Visions
Cry of the Last Mammoth,Antlers,ANTLERS
The Dyatlov Pass Incident,Antlers,Hypothermia
Still I Bleed,Antonamasia,Keeping Nothing
The Garden Of Earthly Delights,Apocalypse Orchestra,The End Is Nigh
Nigh To Her Gloam,Aquilus,Bellum II
In Lands of Ashes,Aquilus,Griseus
We Will Rise,Arch Enemy,Anthems of Rebellion
As the Pages Burn,Arch Enemy,War Eternal
You Will Know My Name,Arch Enemy,War Eternal
The Eagle Flies Alone,Arch Enemy,Will to Power
The World Is Yours,Arch Enemy,Will to Power
Doomsday,Architects,Holy Hell
Hereafter,Architects,Holy Hell
Modern Misery,Architects,Holy Hell
Blackhole,Architects,"The Sky, The Earth & All Between"
A.U.M.,Archspire,Bleed The Future
Drain of Incarnation,Archspire,Bleed The Future
Drone Corpse Aviator,Archspire,Bleed the Future
Calamus Will Animate,Archspire,Relentless Mutation
Human Murmuration,Archspire,Relentless Mutation
Involuntary Doppelgänger,Archspire,Relentless Mutation
The Loss,Ars Onirica,I: Cold
Chile Kothar Shepai,Artcell,Agontuk 2
Bangladesh Smriti O Amra,Artcell,Agontuk 3
Opshori,Artcell,Anushilon
Obhoy,Artcell,Obhoy
Dhushor Shomoy,Artcell,Oniket Prantor
Oniket Prantor,Artcell,Oniket Prantor
Bhul Jonmo,Artcell,Onno Shomoy
Onnosomoy,Artcell,Onno Shomoy
Pothchola,Artcell,Onno Shomoy
Rahur Grash,Artcell,Onno Shomoy
Oshomapto Shantona,Artcell,Otritio
In Dying Days,As Blood Runs Black,Allegiance
My Own Grave,As I Lay Dying,Shaped by Fire
Backburner,August Burns Red,Messengers
Back Burner,August Burns Red,Messengers Remixed
Itihash,Aurthohin,Agontuk 3
Anmone,Aurthohin,Aushomapto 2
Cold Cerecloth,Austere,Beneath the Threshold
Faded Ghost,Austere,Beneath the Threshold
Of Severance,Austere,Beneath the Threshold
The Sunset of Life,Austere,Beneath the Threshold
The Sunset of Life,Austere,Beneath the Threshold
Thrall,Austere,Beneath the Threshold
Words Unspoken,Austere,Beneath the Threshold
Only the Wind Remembers,Austere,Only the Wind Remembers
Just for a Moment,Austere,To Lay Like Old Ashes
Þjáning heillar þjóðar,Auðn,Auðn
Þjáning heillar þjóðar,Auðn,Auðn
Ljóstýra,Auðn,Vökudraumsins fangi
Avash,Avash,Avash
Ek Akash Tara,Ayub Bacchu,Ek Akash Tara
Alice&u,Ayunda Risu,ALiCE&u
Megitsune,BABYMETAL,Babymetal
Tales of the Destinies,BABYMETAL,Metal Resistance
Proticchobi,Bagdhara,Proticchobi
Icarus,Bastille,Bad Blood
Yekteníya 1,Batushka,Litourgiya
Je Shohore Ami Nei,Bay of Bengal,Nirob Durvikkho
Hidden Window,Be'lakor,Coherence
Locus,Be'lakor,Coherence
Much More Was Lost,Be'lakor,Coherence
Valence,Be'lakor,Coherence
Abeyance,Be'lakor,Of Breath and Bone
By Moon and Star,Be'lakor,Of Breath and Bone
Fraught,Be'lakor,Of Breath and Bone
Remnants,Be'lakor,Of Breath and Bone
The Dream and the Waking,Be'lakor,Of Breath and Bone
Countless Skies,Be'lakor,Stone’s Reach
From Scythe to Sceptre,Be'lakor,Stone’s Reach
Husks,Be'lakor,Stone’s Reach
Sun’s Delusion,Be'lakor,Stone’s Reach
A Natural Apostasy,Be'lakor,The Frail Tide
Withering Strands,Be'lakor,Vessels
DNA,Being,Anthropocene
Story for a Muse,Being,Anthropocene
Virtus Asinaria - Prayer,Belphegor,The Devils
Selkies: The Endless Obsession,Between the Buried and Me,Alaska
Algorythm,Beyond Creation,Algorythm
Omnipresent Perception,Beyond Creation,The Aura
Apolap,Black,Agontuk
Dark Legacy,Black Lava,The Savage Winds To Wisdom
Frustrated,Blade and Bath,Rotten in Loneliness
The Bard’s Song,Blind Guardian,Somewhere Far Beyond
All Alone,Blind Witness,Nightmare on Providence Street
(Don't Fear) The Reaper,Blue Öyster Cult,Agents of Fortune
Duvet,Boa,Twilight
Bow Down,Born of Osiris,The Eternal Reign
Open Arms to Damnation,Born of Osiris,The Eternal Reign
M∆chine,Born of Osiris,Tomorrow We Die ∆live
In The Androgynous Dark,Brambles,Charcoal
Crawl,Breaking Benjamin,Dear Agony
I Will Not Bow,Breaking Benjamin,Dear Agony
Feed the Wolf,Breaking Benjamin,Ember
Red Cold River,Breaking Benjamin,Ember
Breath,Breaking Benjamin,Phobia
The Diary of Jane,Breaking Benjamin,Phobia
So Cold,Breaking Benjamin,We Are Not Alone
1x1,Bring Me The Horizon,POST HUMAN: SURVIVAL HORROR
Shadow Moses,Bring Me the Horizon,Sempiternal
Soothsayer,Buckethead,Crime Slunk Scene
人間発電所,Buddha Brand,黒船
Kaval sviri,Bulgarian folklor,Severance
Tears Don’t Fall,Bullet for My Valentine,The Poison
Back To The Shadows,Burzum,
Aria Math,C418,Minecraft OST
Seven Suns,Calliophis,Cor Serpentis
Smile Again,Chaoseum,Second Life
The Red,Chevelle,Wonder What's Next
Hate Bein' Sober,Chief Keef,Finally Rich
Everytime I Die,Children of Bodom,Follow the Reaper
A Glimpse of Sorrow,Clouds,Doliu
Even If I Fall,Clouds,Doliu
Heaven Was Blind To My Grief,Clouds,Doliu
If These Walls Could Speak,Clouds,Doliu
The Deep Vast Emptiness,Clouds,Doliu
You Went So Silent,Clouds,Doliu
Welcome Home,Coheed and Cambria,"Good Apollo I’m Burning Star IV, Volume One: From Fear Through the Eyes of Madness"
The Unknown Kadath In The Cold Waste,Colosseum,Rising of Yog-Sothoth: Tribute to Thergothon
Rainbow in the Dark,Corey Taylor,Ronnie James Dio: This Is Your Life
Tempest,Countless Skies,Glow
Hallowed Be Thy Name,Cradle of Filth,Cruelty and the Beast
What If,Creed,Human Clay
My Sacrifice,Creed,Weathered
Biday ,Cryptic Fate,Agontuk
Snake Eater,Cynthia Harrell,
My Band,D12,Hip Hop Don't Stop
Inn Ann,Daboor,El Gad3ana
Murder,Dawn Of Solace,Affliction Vortex
Event Horizon,Dawn Of Solace,Flames of Perdition
Dead Air,Dawn of Solace,The Darkness
"I Am Chaos, I Am Destruction",Dawn of Solace,The Darkness
I Was Never There,Dawn of Solace,The Darkness
Winter Song,Dawn of Solace,The Darkness
Lead Wings,Dawn Of Solace,Waves
Beggars with Knives,Daysend,Severance
Born Is the Enemy,Daysend,Severance
Countdown,Daysend,Severance
End of Days,Daysend,Severance
Ignorance of Bliss,Daysend,Severance
Prism of You,Daysend,Severance
Sellout,Daysend,Severance
September,Daysend,Severance
Severance Day,Daysend,Severance
Sibling,Daysend,Severance
The Blood of Angels,Daysend,Severance
Magnolia,Deafheaven,Lonely People With Power
Dream House,Deafheaven,Sunbather
Crystal Mountain,Death,Symbolic
Voice of the Soul,Death,The Sound of Perseverance
Lords of the Trident,Death Dealer,Shadows from the Past
Light's Theme,Death Note OST I,
Rosemary,Deftones,Koi no Yokan
Broken Dreams,dEMOTIONAL,Tarassis
To the Gallows,dEMOTIONAL,Tarassis
Layla,Derek & The Dominos,Layla and Other Assorted Love Songs
Awaken,Dethklok,The Dethalbum
Brainwashing,DEXCORE,[METEMPSYCHOSIS.] 1
Holy Diver,Dio,Holy Diver
Rainbow in the Dark,Dio,Holy Diver
Bloom (Guitar Playthrough),Dios,
...and the Mirror Cracked,Disillusion,Back To Times Of Splendor
A Day by the Lake,Disillusion,Back To Times Of Splendor
Alone I Stand in Fires,Disillusion,Back To Times Of Splendor
Back to Times of Splendor,Disillusion,Back To Times Of Splendor
Fall,Disillusion,Back To Times Of Splendor
The Sleep of Restless Hours,Disillusion,Back To Times Of Splendor
Virtual Diva,Don Omar,iDon
Bandolero,Don Omar,Los Bandoleros
Leaden Winged Burden,Doom:vs,Dead Words Speak
Through the Fire and Flames,DragonForce,Inhuman Rampage
Ashes of the Dawn,DragonForce,Reaching Into Infinity
The Count of Tuscany,Dream Theater,Black Clouds & Silver Linings
Pull Me Under,Dream Theater,Images and Words
Wait for Sleep,Dream Theater,Images and Words
Scene Nine: Finally Free,Dream Theater,Metropolis Pt. 2: Scenes from a Memory
Scene Seven: I. The Dance of Eternity,Dream Theater,Metropolis Pt. 2: Scenes from a Memory
Octavarium,Dream Theater,Octavarium
As I Am,Dream Theater,Train of Thought
King,Eluveitie,Ategnatos
Quoth the Raven,Eluveitie,Everything Remains as It Never Was
Thousandfold,Eluveitie,Everything Remains as It Never Was
Epona,Eluveitie,Evocation II – Pantheon
A Rose for Epona,Eluveitie,Helvetios
Alesia,Eluveitie,Helvetios
Neverland,Eluveitie,Helvetios
Celtos,Eluveitie,Origins
From Darkness,Eluveitie,Origins
The Call Of The Mountains,Eluveitie,Origins
The Nameless,Eluveitie,Origins
The Silver Sister,Eluveitie,Origins
Vianna,Eluveitie,Origins
Gray Sublime Archon,Eluveitie,Slania
Inis Mona,Eluveitie,Slania
Follow the Plaguelord Pt II: The Harbinger Ov Pestilence,Empyrean Throne,Chaosborne
Srotoshinni,Encore,Chinnho
Lai Lai Hei,Ensiferum,Iron
Bhoy,Epitaph,Bhoy
Render the Void,ERRA,Impulse
Bleak Remembrance,Evadne,Dethroned Of Our Souls
Everybody’s Fool,Evanescence,Fallen
Tourniquet,Evanescence,Fallen
Imaginary,Evanescence,Origin
Part of Me,Evanescence,The Bitter Truth
The Rise Of Hannibal,EX DEO,The Immortal Wars
Ancient Stones,FamilyJules,"Video Game Guitar Covers, Vol. 5"
Battle Vs. Trainer,FamilyJules,"Video Game Guitar Covers, Vol. 5"
Field of Hopes and Dreams,FamilyJules,
Undertale Guitar Medley,FamilyJules,
Sanson Ki Mala Pe (Metal Arrangement),Fateh Ali Khan,
Slow Chemical,Finger Eleven,The Punisher: The Album
Embodied Deception,Fleshgod Apocalypse,Oracles
I Hope She Sees This (Acoustic),For When You Can't Breathe,
Stop Saying We Sound Like Dragonforce,Fraser Edwards,The Architect
Decade,fripSide,Decade
an Effect of Fate,fripSide,infinite Resonance
Dissociation,Futakuchi Mana,
Inkya Impulse,Futakuchi Mana,
I Riden Så,Gjallarhorn,Ranarop: Call of the Sea Witch
Void in Blue,Glare,Into You
Another World,Gojira,Fortitude
Global Warming,Gojira,From Mars to Sirius
L’Enfant sauvage,Gojira,L’Enfant sauvage
Silvera,Gojira,Magma
Stranded,Gojira,Magma
The Gift of Guilt,Gojira,Magma
Mandragore,Gojira,Possessed
Enisey,Grima,Will of the Primordial
Esho Brishti Namai,Habib Wahid,
Pareidolia,Haken,The Mountain
A Mother to Scare Away the Darkness,Halocraft,A Mother to Scare Away the Darkness
Don't Break The Loop,Halocraft,A Mother to Scare Away the Darkness
For The Son You Could Not Save,Halocraft,A Mother to Scare Away the Darkness
In The Woods,Halocraft,A Mother to Scare Away the Darkness
New Beginnings,Halocraft,A Mother to Scare Away the Darkness
Quantum,Halocraft,A Mother to Scare Away the Darkness
Small Victories,Halocraft,A Mother to Scare Away the Darkness
The Machine,Halocraft,A Mother to Scare Away the Darkness
Through The Caverns,Halocraft,A Mother to Scare Away the Darkness
She Speaks of Stars,Halocraft,Chains for the Sea
Hydrogen,Halocraft,The Sky Will Remember
The Silent Forest,Halocraft,To Leave a Single Wolf Alive
Burning From Both Ends,Harakiri for the Sky,Aokigahara
My Bones to the Sea,Harakiri for the Sky,Aokigahara
"Fire, Walk With Me",Harakiri for the Sky,Arson
Manifesto,Harakiri for the Sky,Arson
Stillborn,Harakiri for the Sky,Arson
The Graves We’ve Dug,Harakiri for the Sky,Arson
You Are the Scars,Harakiri for the Sky,Arson
Calling the Rain,Harakiri for the Sky,III: Trauma
Thanatos,Harakiri for the Sky,III: Trauma
The Traces We Leave,Harakiri for the Sky,III: Trauma
"I, Pallbearer",Harakiri for the Sky,Mære
Once Upon a Winter,Harakiri for the Sky,Mære
Sing for the Damage We’ve Done,Harakiri for the Sky,Mære
Song to Say Goodbye,Harakiri for the Sky,Mære
Hate File,Harbinger,Prayer of Deliverance
Ancient Vibrations,Hedge Wizard,More True Than Time Thought
As Old As The Hills,Hedge Wizard,More True Than Time Thought
Cemetery Violence,Hedge Wizard,More True Than Time Thought
Clairvoyance,Hedge Wizard,More True Than Time Thought
Conjurer's Clutter,Hedge Wizard,More True Than Time Thought
Huffing Petrichor,Hedge Wizard,More True Than Time Thought
More True Than Time Thought,Hedge Wizard,More True Than Time Thought
Odd Visions,Hedge Wizard,More True Than Time Thought
Anoana,Heilung,Drif
Join Me in Death,HIM,Razorblade Romance
The Reason,Hoobastank,The Reason
Blood Ornaments,Hooded Menace,The Tritonus Bell
Some Like It Cold,Hopes Die Last,Six Years Home
BCKYRD,Hot Mulligan,you'll be fine
Faisa Gechi,Hyder Husyn,
Ke Dekher Kotha Ke Dekchi,Hyder Husyn,
Here Comes the Rain Again,Hypnogaja,Below Sunset
Mrito,Icons,Ishshoronio
Ohongkar,Icons,Lokayoto
From Roots to Needles,If These Trees Could Talk,"Above the Earth, Below the Sky"
Angelic Voices Calling,Illnath,Angelic Voices Calling
By the Hands of Violent Winter,Illnath,Cast Into Fields of Evil Pleasure
Cast Into Fields of Evil Pleasure,Illnath,Cast Into Fields of Evil Pleasure
And There Was Light,Illnath,Second Skin of Harlequin
All Shall Fall,Immortal,All Shall Fall
More Than Conquerors,Impending Doom,The Serpent Servant
Image of Time,In Vain,Ænigma
Drive,Incubus,Make Yourself
Wish You Were Here,Incubus,Morning View
The Kingdom Sitteth Lonely Beneath Thine Hollowed Heavens,Infant Annihilator,The Battle of Yaldabaoth
Unholy Gravebirth,Infant Annihilator,The Elysian Grandeval Galèriarch
Heaven Sent,Infinite Descent,Infinite Descent
Begin,Injury,No Promises Made
Weighed Down With Sorrow,Insomnium,Across the Dark
Reflections,IRE,Reflections
Dance of Death,Iron Maiden,Dance of Death
Fear of the Dark,Iron Maiden,Fear of the Dark
Mother Russia,Iron Maiden,No Prayer for the Dying
The Trooper,Iron Maiden,Piece of Mind
Run to the Hills,Iron Maiden,The Number of the Beast
Moments Lost In Time,IRONSTONE,Moments Lost In Time
Battlefield,Jordin Sparks,Battlefield
The Hellion / Electric Eye,Judas Priest,Metalogy
Sayonee,Junoon,Jeet Lo Dil
Miséria da Sabedoria,Kaatayra,Toda História pela Frente
O Castigo Vem a Cavalo,Kaatayra,Toda História pela Frente
Toda Mágoa do Mundo,Kaatayra,Toda História pela Frente
Carry On Wayward Son,Kansas,Dust in the Wind
I Hate the Sound of Car Keys,Kaonashi,I Hate the Sound of Car Keys
Alles Wird in Flammen Stehen,Karg,Weltenasche
Crevasse,Karg,Weltenasche
Decima,Katatonia,The Fall of Hearts
Amusement Park Theme,Keiichi Okabe,Nier Automata Official Soundtrack
Grandma,Keiichi Okabe,Nier Replicant Official Soundtrack
Peaceful Sleep,Keiichi Okabe,NieR:Automata Unreleased Additional Soundtrack
Weight of the World,Keiichi Okabe,NieR:Automata Unreleased Additional Soundtrack
Behind These Hazel Eyes,Kelly Clarkson,Breakaway
My Curse,Killswitch Engage,As Daylight Dies
The Arms of Sorrow,Killswitch Engage,As Daylight Dies
This Fire,Killswitch Engage,As Daylight Dies
The End of Heartache,Killswitch Engage,Disarm the Descent
Six Feet Under,Kissin' Dynamite,"Money, Sex & Power"
Idol Hands,Kmac2021,Idol Hands
Tunnel Vision,Kodak Black,Painting Pictures
Reminder,Kryn,Scars Remind Me
Confide in Me,Kylie Minogue,Kylie Minogue
Intoxicated,Lacuna Coil,Dark Adrenaline
Pagol Chara Duniya Chole Na,Lalon Band,
Vigil,Lamb of God,As The Palaces Burn
Walk With Me in Hell,Lamb of God,Sacrament
Fullmoon Over Faerhaaven,Lamentation,Fullmoon Over Faerhaaven
Everything's Alright,Laura Shigihara,
Stairway to Heaven,Led Zeppelin,Bring Forth Death
Madeline and Theo,Lena Raine,Celeste Original Soundtrack
Rewind,Leprous,The Congregation
60's Love,Level Five,Obosheshey
Mental Central Dialog,Lifelover,Konkurs
Die Alone,Light the Torch,Revival
Blackbirds,Linkin Park,A Thousand Suns
Blackout,Linkin Park,A Thousand Suns
Lost in the Echo,Linkin Park,Living Things
Fighting Myself,Linkin Park,Meteora (20th anniversary edition)
Lumière,Lorien Testard,Clair Obscur: Expedition 33 (Original Soundtrack)
Pain Remains I: Dancing Like Flames,Lorna Shore,Pain Remains
"Pain Remains II: After All I've Done, I'll Disappear",Lorna Shore,Pain Remains
Pain Remains III: In a Sea of Fire,Lorna Shore,Pain Remains
Sun//Eater,Lorna Shore,Pain Remains
…And I Return to Nothingness,Lorna Shore,…And I Return to Nothingness
Don't be so serious,Low Roar,"Once in a Long, Long While…"
Amay Dekona,Lucky Akhand,Best of Lucky Akhand
Moonlit Meadow,Lustre,Wonder
Petrichor,Lustre,Wonder
"if System of a Down wrote ""FIREFLIES"" by Owl City",mac glocky,
La Isla Bonita,Madonna,True Blue
Sweet Dreams,Marilyn Manson,Smells Like Childre 
Plastic Love,Mariya Takeuchi,
Oblivion,Mastodon,Crack the Skye
Aaj Raate Kono Rupkotha Nei,Md. Mobassher Choudhury,
Countdown to Extinction,Megadeth,Countdown to Extinction
New Millennium Cyanide Christ,Meshuggah,Chaosphere
Bleed,Meshuggah,Obzen
Alter Bridge,Metalingus,One Day Remains
Little Dark Age,MGMT,Little Dark Age
Leave Her Johnny,"Michel Schrey, Nils Brown, and Seán Dagher",Assassin's Creed 4: Black Flag (Sea Shanty Edition)
BFG Division,Mick Gordon,
Nuclear,Mike Oldfield,Man on the Rocks
Tribute,MiNERVA,
Shadows Inside,Miss May I,Shadows Inside
"Shook Ones, Pt. II",Mobb Deep,Chilled Hip Hop
Jontrona,Mohon Sharif,Jontrona
Kletka,Molchat Doma,Etazhi
Prisoner,Montfaucon,Renaissance
Across a Barbarian Village,MURGRIND,Inheritor of the Forest Throne
Arrival at the Wooden Gates,MURGRIND,Inheritor of the Forest Throne
Awakening in an Ancient Realm,MURGRIND,Inheritor of the Forest Throne
Far Winds beyond the Mountains,MURGRIND,Inheritor of the Forest Throne
Inheritor of the Forest Throne,MURGRIND,Inheritor of the Forest Throne
Leaving alongside the Rivers,MURGRIND,Inheritor of the Forest Throne
Path of Immortality,MURGRIND,Inheritor of the Forest Throne
Reach for the Stars,MURGRIND,Inheritor of the Forest Throne
Source of Might,MURGRIND,Inheritor of the Forest Throne
The Northern Oracle,MURGRIND,Inheritor of the Forest Throne
Ananda,My Sleeping Karma,Atma
Avatara,My Sleeping Karma,Atma
Maya Shakti,My Sleeping Karma,Atma
Mukti,My Sleeping Karma,Atma
Pralaya,My Sleeping Karma,Atma
Prema,My Sleeping Karma,Atma
Believer,Myrath,Legacy
Seven tears Are Flowing To The River,Nargaroth,Black Metal ist Krieg: A Dedication Monument
Chromatic Aberration,Native Construct,Quiet World
Chromatic Lights,Native Construct,Quiet World
Come Hell or High Water,Native Construct,Quiet World
Mute,Native Construct,Quiet World
Passage,Native Construct,Quiet World
The Spark of the Archon,Native Construct,Quiet World
Your Familiar Face,Native Construct,Quiet World
Alhamdulillah,Native Deen,Deen You Know
Deen You Know,Native Deen,Deen You Know
Drug Free,Native Deen,Deen You Know
Intentions,Native Deen,Deen You Know
Looking Glass,Native Deen,Deen You Know
Paradise,Native Deen,Deen You Know
Sakina,Native Deen,Deen You Know
Small Deeds,Native Deen,Deen You Know
Test,Native Deen,Deen You Know
Painters of the Tempest (Part III): Reveries from the Stained Glass Womb,Ne Obliviscaris,Citadel
"Painters of the Tempest, Part I: Wyrmholes",Ne Obliviscaris,Citadel
"Painters of the Tempest, Part II: Triptych Lux",Ne Obliviscaris,Citadel
And Plague Flowers the Kaleidoscope,Ne Obliviscaris,Portal of I
Forget Not,Ne Obliviscaris,Portal of I
Tapestry of the Starless Abstract,Ne Obliviscaris,Portal of I
Eyrie,Ne Obliviscaris,Urn
Intra Venus,Ne Obliviscaris,Urn
Libera (Part 1),Ne Obliviscaris,Urn
Libera (Part 2),Ne Obliviscaris,Urn
Urn (Part 1),Ne Obliviscaris,Urn
Urn (Part 2),Ne Obliviscaris,Urn
Stabwound,Necrophagist,Epitaph
Bed of Nails,"Neko Fuzz, Barbasauce",Rawk Album 1.0
We Need a Gimmick,Nekrogoblikon,Heavy Meta
The River Dragon Has Come,Nevermore,The Year of the Voyager
Annihilation of the Wicked,Nile,Annihilation of the Wicked
Priyotamo Ki Likhi Tomay,Nishita Barua,
Her Ghost Haunts These Walls,Nocturnal Depression,Deathcade
Nostalgia,Nocturnal Depression,Nostalgia - Fragments of a Broken Past
Bloodline,Northlane,Alien
Sins of Our Creations,Nothnegal,Decadence
Twilight Innocence,Novembers Doom,The Novella Reservoir
Feather,Nujabes,Modal Soul
Aria,Oh Hiroshima,In Silence We Yearn
Drones,Oh Hiroshima,In Silence We Yearn
Ellipse,Oh Hiroshima,In Silence We Yearn
Holding Rivers,Oh Hiroshima,In Silence We Yearn
Mirage,Oh Hiroshima,In Silence We Yearn
Ruach,Oh Hiroshima,In Silence We Yearn
Herald of Darkness,Old Gods of Asgard,Alan Wake 2 OST Official Soundtrack
Main Theme,Ori and the Blind Forest,
Fjörgyn,Osi and the Jupiter,Nordlige Rúnaskog
Beyond the Realms of God,Outlaw,Reaching Beyond Assiah
Dil Ki Doya,Paban Das Baul,Real Sugar
I Saw the End,Pallbearer,Heartless
Atlas,Parkway Drive,Atlas
Dark Days,Parkway Drive,Atlas
Dream Run,Parkway Drive,Atlas
Sleight of Hand,Parkway Drive,Atlas
Sparks,Parkway Drive,Atlas
The River,Parkway Drive,Atlas
The Slow Surrender,Parkway Drive,Atlas
Wild Eyes,Parkway Drive,Atlas
Darker Still,Parkway Drive,Darker Still
Glitch,Parkway Drive,Darker Still
The Greatest Fear,Parkway Drive,Darker Still
Alone,Parkway Drive,Deep Blue
Deadweight,Parkway Drive,Deep Blue
Deliver Me,Parkway Drive,Deep Blue
Home Is for the Heartless,Parkway Drive,Deep Blue
Karma,Parkway Drive,Deep Blue
Sleepwalker,Parkway Drive,Deep Blue
Wreckage,Parkway Drive,Deep Blue
Carrion,Parkway Drive,Horizons
Five Months,Parkway Drive,Horizons
Horizons,Parkway Drive,Horizons
Idols and Anchors,Parkway Drive,Horizons
A Deathless Song,Parkway Drive,Ire
Bottom Feeder,Parkway Drive,Ire
Crushed,Parkway Drive,Ire
Dedicated,Parkway Drive,Ire
Destroyer,Parkway Drive,Ire
Devil’s Calling,Parkway Drive,Ire
Fractures,Parkway Drive,Ire
The Sound of Violence,Parkway Drive,Ire
Vice Grip,Parkway Drive,Ire
Vicious,Parkway Drive,Ire
Writings on the Wall,Parkway Drive,Ire
Absolute Power,Parkway Drive,Reverence
Cemetery Bloom,Parkway Drive,Reverence
Chronos,Parkway Drive,Reverence
I Hope You Rot,Parkway Drive,Reverence
In Blood,Parkway Drive,Reverence
Prey,Parkway Drive,Reverence
Shadow Boxing,Parkway Drive,Reverence
The Colour of Leaving,Parkway Drive,Reverence
The Void,Parkway Drive,Reverence
Wishing Wells,Parkway Drive,Reverence
I Am the Lion,Phinehas,Phinehas
King for a Day,Pierce the Veil,Collide With the Sky
Where Is My Mind?,Pixies,Surfer Rosa
Give And Take,Poor Mans Poison,In the End
Personal Forest,Psychonaut 4,Dipsomania
Blurry,Puddle of Mudd,Come Clean
Sonne,Rammstein,Mutter
Humanity,Rawesome,Creation
Tooi Sakebi,Reichi Nakaido,
Safety,Reliqa,I Don't Know What I Am
I Don’t Know What I Am,Reliqa,I Don’t Know What I Am
The Ritualist,Reliqa,I Don’t Know What I Am
The Bearer of Bad News,Reliqa,The Bearer of Bad News
Lost In Darkness,Restorrected,To the One and Only
Immaculate Order,Rings of Saturn,Dingir
The Angler's Dream Vinyl Rip,River Master,
Cancer / Moonspeak,Rivers of Nihil,Where Owls Know My Name
Capricorn / Agoratopia,Rivers of Nihil,Where Owls Know My Name
Death Is Real,Rivers of Nihil,Where Owls Know My Name
Hollow,Rivers of Nihil,Where Owls Know My Name
The Silent Life,Rivers of Nihil,Where Owls Know My Name
Where Owls Know My Name,Rivers of Nihil,Where Owls Know My Name
I Will Die With Your Love,Sabhankra,Revenge
Easing the Pain,Sabhankra,Seers Memoir
Fine Again,Seether,Disclaimer
Harakiri,Serj Tankian,Harakiri
Dhoa'r Majhey,Shade,Shade
Underneath a Sullen Moon,Shadow of Intent,Melancholy
The Prelude to Bereavement,Shadow of Intent,Primordial
Water Awakes,Shallow Rivers,Water Awakes
Angels of Distress,Shape of Despair,Angels of Distress
Forfeit,Shape of Despair,Return to the Void
Chitkar,Shohorbondee,
A New Dawn,Shylmagoghnar,Emergence
Edin in Ashes,Shylmagoghnar,Emergence
Emergence,Shylmagoghnar,Emergence
Eternal Forest,Shylmagoghnar,Emergence
I Am the Abyss,Shylmagoghnar,Emergence
Squandered Paradise,Shylmagoghnar,Emergence
The Cosmic Tide,Shylmagoghnar,Emergence
The Sun No Longer,Shylmagoghnar,Emergence
This World Shall Fall,Shylmagoghnar,Emergence
Echo Stasis,Silent Vice,Echo Stasis
Inside The Hollow,Sion,SION
Before I Forget,Slipknot,Vol. 3: (The Subliminal Verses)
Duality,Slipknot,Vol. 3: (The Subliminal Verses)
Distress,Slumber,Fallout
All in My Head,Smile Empty Soul,Shapeshifter
Silhouettes,Smile Empty Soul,Smile Empty Soul
Heritage of the Natural Realm,Sojourner,Empires of Ash
Fields of Gold,Stalled,Dust Inside a Dream
Carnivore,Starset,Transmissions
Odrishsho Juddho,Stentorian,Agontuk 2
Bishonno Adhar,Stentorian,Agontuk 3
VOY,Stentorian,Din Bodol
Onuvuti,Stentorian,Protimuhurtey
Shape of My Heart,Sting,Sacred Love
Acid Ke,Stoic Bliss,Kolponar Baire
My Sleeping Heart,Story of Hope,Fairy Dance
from Despair to Hope,Story of Hope,Historia EP
Black Diamond,Stratovarius,Eternal
Never Forgotten Justice,Superdeathflame,The Last Wave
Lonely Day,System of a Down,Hypnotize
Soldier Side,System of a Down,Hypnotize
Vicinity of Obscenity,System of a Down,Hypnotize
I‐E‐A‐I‐A‐I‐O,System of a Down,Steal This Album!
Aerials,System of a Down,Toxicity
Chop Suey!,System of a Down,Toxicity
Toxicity,System of a Down,Toxicity
The Last In Line,Tenacious D,Ronnie James Dio: This Is Your Life
Caverns,Thank You Scientist,Stranger Heads Prevail
Gunshot,The Brow Beat,404
Legion of the Serpent,The Faceless,Planetary Duality
Bones in the Ocean,The Longest Johns,Made Of Ale Sessions
California Dreamin’,The Mamas & the Papas,If You Can Believe Your Eyes and Ears
To the Sinking,The Man-Eating Tree,Night Verses
Jurassic | Cretaceous,The Ocean,Phanerozoic II: Mesozoic / Cenozoic
The Kids Aren’t Alright,The Offspring,Americana
"You’re Gonna Go Far, Kid",The Offspring,"Rise and Fall, Rage and Grace"
Paint It Black,The Rolling Stones,Aftermath
Enter Vril-Ya,Therion,Deggial
Never Too Late,Three Days Grace,One-X
Time of Dying,Three Days Grace,One-X
Home,Three Days Grace,Three Days Grace
Neverending Night,Toby Fox,DELTARUNE Soundtrack
Undefeatable,Tomoya Ohtani,Sonic Frontiers OST
If You Could Only See,Tonic,Lemon Parade Revisited
Lateralus,Tool,Lateralus
Schism,Tool,Lateralus
Forty Six & 2,Tool,Ænima
Zombies,Traverse the Abyss,Zombies
Blind Leading the Blind,Trivium,Silence in the Snow
Strife,Trivium,Vengeance Falls
Desert Urbania,Unexpect,In a Flesh Aquarium
Pistoler Jibon,Uptown Lokolz,Kahini Scene Paat
Mikasa,Veil of Maya,Matriarch
It’s Not Safe to Swim Today,Veil of Maya,The Common Man’s Collapse
Deviens La Nuit,Vestige,Janis
Chena Jogot,Vibe,Chena Jogot
Shopnodeb,Vibe,Chena Jogot
Neel Hobo,Vikings,Neel Hobo
Bury Me,Violent New Breed,Bad Reputation
credits song for my death,vivivivivi,IN MY HEAD
KILL,vivivivivi,
Resting On Tombs,Voidhaven,Lithic
Sermon of Scorn,Voidhaven,Lithic
Something Cruel Within,Voidhaven,Lithic
The Desolate Throne,Voidhaven,Lithic
The Everblazing Picture,Voidhaven,Lithic
To Walk Among Ghosts,Voidhaven,Lithic
The Floating Grave,Voidhaven,Voidhaven
One Hundred Years,VREID,Lifehunger
TOMBSTONE,Wage War,STIGMA
Blood Splattered Satisfaction,Waking the Cadaver,Perverse Recollections of A Necromangler
Collapse,War of Ages,Eternal
Battle On,War Of Ages,War of Ages
Obak Bhalobasha,Warfaze,Pothchola
Purnota,Warfaze,Shotto
Mourning of the Sun,When Nothing Remains,As All Torn Asunder
A Lake of Frozen Tears,When Nothing Remains,In Memoriam
Ghost Story,When Nothing Remains,In Memoriam
Reunited in the Grave,When Nothing Remains,In Memoriam
I Forgive You,When Nothing Remains,Thy Dark Serenity
Elitist Ones,Whitechapel,Mark of the Blade
Far From Where Dreams Unfurl,Wilderun,Veil of Imagination
Army Of Stone,Wind Rose,Warfront
The Battle of the Five Armies,Wind Rose,Warfront
Journey to the End,Windir,The Sognametal Legacy
Angels Also Die...,Wine From Tears,Through The Eyes Of A Mad
Before The Gods,Wine From Tears,Through The Eyes Of A Mad
Bless Me Bleeding Angels,Wine From Tears,Through The Eyes Of A Mad
Close To Katatonia,Wine From Tears,Through The Eyes Of A Mad
Feeding The Angel,Wine From Tears,Through The Eyes Of A Mad
Funeral Time,Wine From Tears,Through The Eyes Of A Mad
Meus Altius Pater Noster,Wine From Tears,Through The Eyes Of A Mad
My Tears,Wine From Tears,Through The Eyes Of A Mad
Night of a Succubus,Wine From Tears,Through The Eyes Of A Mad
Since I Fell...,Wine From Tears,Through The Eyes Of A Mad
The Secret Of The Woods,Wine From Tears,Through The Eyes Of A Mad
The Sinner,Wine From Tears,Through The Eyes Of A Mad
Death And The Healing,Wintersun,Wintersun
What Have You Done,Within Temptation,The Heart of Everything
The Flood,Wolfheart,Tyhjyys
Eostre,Wolves In The Throne Room,Primordial Arcana
Masters of Rain and Storm,Wolves In The Throne Room,Primordial Arcana
Mountain Magick,Wolves In The Throne Room,Primordial Arcana
Primal Chasm (Gift of Fire),Wolves In The Throne Room,Primordial Arcana
Skyclad Passage,Wolves In The Throne Room,Primordial Arcana
Spirit of Lightning,Wolves In The Throne Room,Primordial Arcana
Through Eternal Fields,Wolves In The Throne Room,Primordial Arcana
Underworld Aurora,Wolves In The Throne Room,Primordial Arcana
I Was Buried in Mount Pleasant Cemetery,Woods of Ypres,W4: The GREEN Album
Kiss My Ashes,Woods of Ypres,Woods 5: Grey Skies & Electric Light
Screaming at Forgotten Fears,Xasthur,To Violate the Oblivious
Corridors of Time,Yasunori Mituda,Chrono Trigger OST
"The Sun, The Moon, The Star",Æther Realm,Tarot
"Закрой за мной дверь, я ухожу",Кино,Группа крови
Спокойная ночь,Кино,Ночь
Кукушка,Кино,Чёрный альбом
